Name,Card Image,App logo,Recent,Pricing Model,Tags,Description,Featured,Published,Website,"Date Created ",super:Link,Last Updated
Manus AI,https://files.manuscdn.com/webapp/media/ogBanner.png,App%20Library%20130b4629bb37815cba43d257528a2f7b/Manus2.png,No,"Free Beta, Free Plan, Subscription",AI,"Manus is a versatile AI agent that turns ideas into results by handling various tasks—from research to content creation—allowing you to accomplish more while resting. With an intuitive interface and flexible pricing, it seamlessly integrates AI into your daily workflow.",Yes,Yes,https://manus.im/invitation/PKPUGFYEXMUN,"April 3, 2025 11:52 PM",,"April 5, 2025 7:59 PM"
Skail,App%20Library%20130b4629bb37815cba43d257528a2f7b/Product_Hunt_Screens.png,App%20Library%20130b4629bb37815cba43d257528a2f7b/Skail.png,No,"Free Trial, Subscription",AI,"Skail AI is a platform that uses Digital Clone technology to mimic your personality, tone, and writing style, enabling you to craft human-like, personalized messages. It helps professionals scale communications for tasks like prospecting, client engagement, and campaign management, all while maintaining their unique voice.",Yes,Yes,https://app.skail.ai/signup?ref=6741f9cc-e83f-4684-8867-3588f9e4c4ec,"January 6, 2025 12:15 PM",,"April 5, 2025 7:59 PM"
Genspark,https://miro.medium.com/v2/resize:fit:1200/1*Z_6q08PyTJo9ZV38k5ickg.jpeg,App%20Library%20130b4629bb37815cba43d257528a2f7b/genspark.png,No,"Free Plan, Subscription",AI,"Genspark's cutting-edge solution that seamlessly integrates an AI copilot into your web experience. ",Yes,Yes,https://www.genspark.ai/invite?invite_code=ZDdhZmMzMGRMZWZmMkxhM2M0TGNmMmJMNzc2MGNmZWU1OGEy,"August 1, 2024 12:01 PM",,"April 5, 2025 7:59 PM"
Raycast,"https://i.pinimg.com/originals/4d/a9/3f/4da93fe1b93447bc13779e10ab6167f9.png, App%20Library%20130b4629bb37815cba43d257528a2f7b/Wallpaper_Image.png",App%20Library%20130b4629bb37815cba43d257528a2f7b/raycast.png,No,Free Plan,Automation/Analytics,"Raycast is a blazingly fast, totally extendable spotlight replacement. It lets you complete tasks, calculate, share common links, and much more.",Yes,Yes,https://raycast.com/?via=tomstools,"May 10, 2024 9:28 PM",,"April 5, 2025 7:59 PM"
Notion,https://images.saymedia-content.com/.image/ar_16:9%2Cc_fill%2Ccs_srgb%2Cfl_progressive%2Cq_auto:eco%2Cw_1200/MTkwODUxODEzOTYzNDA5MDc4/notion-cover-headers.jpg,App%20Library%20130b4629bb37815cba43d257528a2f7b/Notion_App_Logo.png,No,"Free Plan, Subscription",Collaboration,"Notion is an all-in-one workspace that allows users to create and organize notes, tasks, databases, and more. It offers a flexible and customizable platform that can be tailored to meet individual user needs. ",Yes,Yes,https://affiliate.notion.so/1mhbklys2q68,"May 10, 2024 9:28 PM",,"April 5, 2025 7:59 PM"
Hotjar,https://images.ctfassets.net/lh3zuq09vnm2/1poh4lBPsO6WiEDOJM6SR2/cccb3f12ab22de2ff8d347d52ee45b18/hotjar_og_image.png,App%20Library%20130b4629bb37815cba43d257528a2f7b/hotjar.png,No,"Free Plan, Subscription",Automation/Analytics,"Hotjar is a platform for analytics, feedback, page views, heat maps, and user behavior understanding, plus surveys to collect user feedback and gain insights.",Yes,Yes,https://invite.hotjar.com/p3y79aqbd5sh,"May 10, 2024 9:28 PM",,"April 5, 2025 7:59 PM"
Popsy,https://i.ytimg.com/vi/BrX1o0NS6HU/maxresdefault.jpg,https://assets.popsy.co/rails/active_storage/blobs/proxy/eyJfcmFpbHMiOnsibWVzc2FnZSI6IkJBaHBBczliIiwiZXhwIjpudWxsLCJwdXIiOiJibG9iX2lkIn19--9703f8ab0dcb4fad0e728f0561519729cb466db2/LogoPopsy2%20(1).png,Yes,"Free Plan, Subscription",Web/Content,"A no-code website builder that works like Notion, allowing users to create websites without coding knowledge.",No,Yes,https://popsy.co,"March 17, 2025 2:07 PM",,"April 19, 2025 11:20 PM"
Queue-it,https://queue-it.com/media/hlldus4s/queue-it-x-traffic-defender.jpg,https://upload.wikimedia.org/wikipedia/commons/thumb/f/fd/Q-it_profile_beige_on_dark_green.jpg/500px-Q-it_profile_beige_on_dark_green.jpg,No,Provided by request,Web/Content,A virtual waiting room software that helps manage website traffic during high-demand events.,No,Yes,https://queue-it.com,"March 17, 2025 2:07 PM",,"April 19, 2025 11:08 PM"
Front,https://front.com/webassets/rebrand/_800x418_crop_center-center_82_none_ns/front-product-overview-imageMeta.png?mtime=1727377305,https://cdn.freelogovectors.net/wp-content/uploads/2022/01/front-logo-freelogovectors.net_.png,No,"Free Plan, Subscription",Sales/Marketing,An email management platform that helps teams manage customer conversations across multiple channels.,No,Yes,https://front.com,"March 17, 2025 2:07 PM",,"April 19, 2025 11:21 PM"
Aircall,https://a.storyblok.com/f/186009/5760x3600/a978b13f48/aircall-screensaver-1_2880x1800-2x.png,https://a.storyblok.com/f/157376/360x360/4d035ab60f/aircall-chronology.png,No,"Free Trial, Subscription",Sales/Marketing,A cloud-based phone system and call center software that integrates with CRM and helpdesk tools.,No,Yes,https://aircall.io,"March 17, 2025 2:07 PM",,"April 19, 2025 11:05 PM"
Jotform,https://i.ytimg.com/vi_webp/wUFOq6jLGOU/maxresdefault.webp,https://wpforms.com/wp-content/uploads/cache/integrations/b54de7beaf1455d6550dde9a40862615.png,No,"Free Plan, Subscription",Sales/Marketing,An online form builder for creating and customizing forms without coding knowledge.,No,Yes,https://www.jotform.com,"March 17, 2025 2:07 PM",,"April 19, 2025 11:18 PM"
Lucidchart,https://images.wondershare.com/edrawmind/articles2024/org-chart-in-lucidchart/featured-image.jpg,https://img.informer.com/icons_mac/png/128/617/617264.png,Yes,"Free Plan, Subscription",Productivity,"An intelligent diagramming application for creating flowcharts, diagrams, org charts, and visualizations.",No,Yes,https://www.lucidchart.com,"March 17, 2025 2:07 PM",,"April 19, 2025 11:20 PM"
ConvertKit,https://paulminors.com/wp-content/uploads/2019/08/why-Im-migrating-to-convertkit-11.40.35-AM.png,https://capacity.com/wp-content/uploads/2021/02/convertkit-logomark-red.png,Yes,"Free Plan, Subscription",Sales/Marketing,An email marketing platform designed for creators to grow their audience and automate email campaigns.,No,Yes,https://convertkit.com,"March 17, 2025 2:07 PM",,"April 19, 2025 11:20 PM"
DocuSign,https://cdn.prod.website-files.com/65ea02c6577073f7737d9c43/660674574536233915b0587e_open-graph.webp,https://static-00.iconduck.com/assets.00/docusign-icon-2048x2048-1mvdbbs6.png,Yes,"Free Trial, Subscription",Collaboration,An electronic signature and agreement management platform for signing documents digitally.,No,Yes,https://www.docusign.com,"March 17, 2025 2:07 PM",,"April 19, 2025 11:20 PM"
IFTTT,https://digitalprototypingharnesk.wordpress.com/wp-content/uploads/2017/04/ifttt-banner.jpg?w=1200,https://static-00.iconduck.com/assets.00/ifttt-v1-icon-2048x2048-dk9lrblr.png,No,"Free Plan, Subscription",Automation/Analytics,"A platform that allows users to automate tasks between apps, services, and devices using simple ""if this, then that"" logic.",No,Yes,https://ifttt.com,"March 17, 2025 2:07 PM",,"April 19, 2025 11:21 PM"
Saga,https://cdn.prod.website-files.com/600abb9dfd0530004ee876c0/673268896da10c7c1b433830_saga-thumbnail.png,https://asset.brandfetch.io/idVY2_-aO4/idsVf9MxSf.jpeg,No,"Free Plan, Subscription",AI,Saga is a knowledge management tool with AI capabilities for teams.,No,Yes,https://saga.so/?via=toms-tools,"March 17, 2025 2:01 PM",,"April 5, 2025 7:59 PM"
ClipBook,App%20Library%20130b4629bb37815cba43d257528a2f7b/clipbook_banner.png,App%20Library%20130b4629bb37815cba43d257528a2f7b/Clipbook.svg,Yes,One-time Fee,Productivity,A powerful clipboard manager for Mac that saves your clipboard history,No,Yes,https://clipbook.app/,"February 26, 2025 12:43 PM",,"April 19, 2025 11:20 PM"
ResumUp,App%20Library%20130b4629bb37815cba43d257528a2f7b/resumup_banner.png,App%20Library%20130b4629bb37815cba43d257528a2f7b/removed-Capture-2025-04-19-223214.png,No,Subscription,AI,"ResumUp is an AI-powered resume builder that creates professional, ATS-friendly resumes.",No,Yes,https://resumup.com/,"February 26, 2025 12:33 PM",,"April 19, 2025 10:32 PM"
"You.com ",https://cdn.you.com/img/shared/ydc-og-image.png,https://logos-world.net/wp-content/uploads/2024/09/You.com-Symbol.png,No,"Free (no sign up), Free Plan, Subscription",AI,"An AI-powered search and productivity platform designed to enhance workplace efficiency. ",No,Yes,https://you.com/join/ECQADBVS,"February 21, 2025 8:24 PM",,"April 19, 2025 10:31 PM"
Moosend,App%20Library%20130b4629bb37815cba43d257528a2f7b/moosendbanner.png,App%20Library%20130b4629bb37815cba43d257528a2f7b/Moosend_Sitecore_Logo.png,No,"Free Trial, Subscription",Sales/Marketing,"Moosend streamlines email marketing with automation, AI analytics, and seamless integrations for better engagement and conversions.",No,Yes,https://trymoo.moosend.com/jm64wwlywzpk,"February 19, 2025 1:30 PM",,"April 5, 2025 7:59 PM"
Reply.io,https://reply.io/wp-content/uploads/OG-Image.png,App%20Library%20130b4629bb37815cba43d257528a2f7b/reply.png,No,"Free (no sign up), Free Trial, Subscription",Sales/Marketing,An AI-powered sales engagement platform that helps teams automate and scale up their outbound efforts,No,Yes,https://get.reply.io/5qxrutr3mr5h,"February 19, 2025 1:19 PM",,"April 5, 2025 7:59 PM"
Linktree,https://linktr.ee/_gatsby/image/955aa2680559228b554c88c32656ee56/57d1f9537a80aad5022dc44cb5e74018/LinktreeLogo.png?u=https%3A%2F%2Fapi.blog.production.linktr.ee%2Fwp-content%2Fuploads%2F2022%2F06%2FLinktreeLogo.png&a=w%3D540%26h%3D304%26fit%3Dcrop%26crop%3Dcenter%26fm%3Dpng%26q%3D75&cd=0e808f8dcb6cc68ec32ba85308630234,App%20Library%20130b4629bb37815cba43d257528a2f7b/linktree.png,No,"Free Plan, Subscription",Web/Content,"A link-in-bio tool that allows creators, brands, and businesses to curate multiple links on one landing page",No,Yes,https://linktr.ee/,"February 18, 2025 12:19 PM",,"April 5, 2025 7:59 PM"
Lex,https://netus.ai/wp-content/uploads/2023/10/what-is-lex-ai-writing-1024x512.png,App%20Library%20130b4629bb37815cba43d257528a2f7b/lex.png,No,"Free Trial, Subscription",AI,"Lex is an AI-powered writing and research assistant that helps users generate high-quality content faster. ",No,Yes,https://lex.page/,"February 18, 2025 12:08 PM",,"April 5, 2025 7:59 PM"
n8n,https://n8niostorageaccount.blob.core.windows.net/n8nio-strapi-blobs-prod/assets/og_image_website_3_afd66761a9.png,App%20Library%20130b4629bb37815cba43d257528a2f7b/n8n.png,No,"Free Trial, Subscription",Automation/Analytics,"An open-source, low-code workflow automation tool that enables users to create custom workflows without writing code.",No,Yes,https://n8n.io/,"February 9, 2025 10:41 AM",,"April 5, 2025 7:59 PM"
Twos,https://images.ctfassets.net/9haz2glq4wt0/7Ktk0rZeoox17jZ4C1ETxt/30cfe5576ce2c74faf64089a281ed351/Twos_-_Ultimate_Beginner-s_Guide.png?h=789&fm=webp&fit=fill&w=1920&q=80,App%20Library%20130b4629bb37815cba43d257528a2f7b/twos.png,No,Free Plan,Productivity,"Twos is an all-in-one app that helps you seamlessly organize notes, to-dos, reminders, events, and more",No,Yes,https://www.twosapp.com/,"February 2, 2025 5:18 PM",,"April 5, 2025 7:59 PM"
Diginius,App%20Library%20130b4629bb37815cba43d257528a2f7b/Screenshot_2025-02-02_at_1.24.58_PM.png,App%20Library%20130b4629bb37815cba43d257528a2f7b/removed-diginus.png,No,Subscription,Automation/Analytics,"A digital performance platform designed to unify data, streamline reporting, and optimize advertising efforts",No,Yes,https://diginius.com/,"February 2, 2025 1:22 PM",,"April 5, 2025 7:59 PM"
Keap,https://freight.cargo.site/w/3840/q/75/i/3ac67837b746c6a9bf13617283835a42a992bb09e18f51ef1808d6f51440dce7/Keap-TrabuccoCampos-190130-3.jpg,"https://assets.keap.com/image/upload/c_scale,w_300/v1548692249/Product%20Blog/hidden_arrow_2x.png",No,Subscription,Sales/Marketing,"Keap is an all-in-one CRM and automation platform built for small businesses and trusted by over 200,000 customers.",No,Yes,https://get.keap.com/am6gkzjjp2h3,"February 1, 2025 7:53 PM",,"April 5, 2025 7:59 PM"
Superlist,https://www.designnominees.com/application/upload/ProfilePhoto/194044-superlist.jpg,https://images.ctfassets.net/9haz2glq4wt0/3B3HTdYaapjbLBgVwN0xVc/e6224c2a5381b6c4c0589710379dc3c8/Superlist_Logo.png,No,"Free Plan, Subscription",Productivity,Superlist is a collaborative to-do list application designed for individuals and teams to manage tasks and notes in real-time.,No,Yes,https://www.superlist.com/,"February 1, 2025 9:15 AM",,"April 5, 2025 7:59 PM"
Akiflow,https://cdn.prod.website-files.com/6392f54210990d7ffbfca55f/660fb93161282e8abeaf99ec_Akiflow%20Logo.jpg,https://assets.super.so/da3c49d7-b53a-4192-90a8-59a839ebaeef/images/4f4f3259-0188-41a0-a71b-0a5eaed27a0e/Akiflow_Icon.svg,No,"Free Trial, Subscription",Productivity,Akiflow is a daily planner app for busy professionals for task & calendar management.,No,Yes,https://akiflow.com/,"February 1, 2025 8:24 AM",,"April 5, 2025 7:59 PM"
DeepSeek,https://static.euronews.com/articles/stories/09/00/69/48/1200x675_cmsv2_4b3d5a33-60f6-5a9c-b545-18ffed37b354-9006948.jpg,https://brandlogos.net/wp-content/uploads/2025/02/deepseek_logo_icon-logo_brandlogos.net_s5bgc.png,No,Free Plan,AI,"DeepSeek is a Chinese artificial intelligence company specializing in the development of open-source large language models (LLMs). ",No,Yes,https://www.deepseek.com/,"February 1, 2025 8:20 AM",,"April 5, 2025 7:59 PM"
Claude,App%20Library%20130b4629bb37815cba43d257528a2f7b/Claude-ai.jpg,https://registry.npmmirror.com/@lobehub/icons-static-png/latest/files/dark/claude-color.png,No,"Free Plan, Subscription",AI,"Claude is an AI chatbot developed by Anthropic, designed to generate human-like text, including computer code, and engage in natural conversations with users.",No,Yes,https://claude.ai/,"January 31, 2025 3:15 PM",,"April 5, 2025 7:59 PM"
Bravo Studio,https://ph-files.imgix.net/680df0ab-a661-4899-b93f-cb52d121cd75.jpeg?auto=compress&codec=mozjpeg&cs=strip&auto=format&fm=pjpg&w=1100&h=658&fit=max&frame=1&dpr=1,https://cdn.prod.website-files.com/6177442ca4bcb14f0626c7d6/63f8923971afc2cced4e31e2_Logo-BravoStudio.webp,No,"Free Plan, Free Trial, Subscription",Web/Content,"Bravo Studio is the fastest mobile app-development platform for businesses, product managers and content creators. No need for developers.",No,Yes,https://www.bravostudio.app/,"January 17, 2025 4:09 PM",,"April 5, 2025 7:59 PM"
Fabric,https://img.youtube.com/vi/jfrMKdOhxKU/hqdefault.jpg,App%20Library%20130b4629bb37815cba43d257528a2f7b/fabric.png,No,"Free Plan, Subscription",Productivity,"Fabric is an AI-powered workspace and file explorer that unifies your digital content, organizing drives, clouds, notes, links, and files for easy collaboration and retrieval.",No,Yes,https://fabric.so,"January 17, 2025 4:00 PM",,"April 5, 2025 7:59 PM"
Stack Crawler,App%20Library%20130b4629bb37815cba43d257528a2f7b/Capture-2025-01-16-142250.png,https://stackcrawler.com/stackcrawler-logo.png,No,Free Plan,Web/Content,"Stackcrawler is a free tool that reveals a website's technologies, including CMS, e-commerce platforms, hosting, and JavaScript frameworks, via URL input. It also provides a Chrome extension and tech usage statistics.",No,Yes,https://stackcrawler.com/,"January 16, 2025 2:17 PM",,"April 5, 2025 7:59 PM"
Capture,https://capture.so/opengraph.png,App%20Library%20130b4629bb37815cba43d257528a2f7b/Clipbook%201.svg,No,Free Beta,Productivity,"Capture is a digital workspace designed to help users quickly capture and organize notes, to-dos, web pages, and more, ensuring that no thought is lost. ",No,Yes,https://capture.so/,"January 16, 2025 2:10 PM",,"April 5, 2025 7:59 PM"
Phantombuster,https://static.phantombuster.com/og_thumbnail_1200_630.png,App%20Library%20130b4629bb37815cba43d257528a2f7b/phantom.png,No,"Free Trial, Subscription",Automation/Analytics,"PhantomBuster is a cloud-based platform with no-code tools for automating tasks like lead generation, web scraping, social media engagement, and CRM enrichment, integrating with platforms like LinkedIn, Twitter, and Instagram to enhance productivity.",No,Yes,https://phantombuster.com,"January 16, 2025 2:03 PM",,"April 5, 2025 7:59 PM"
Tally Forms,App%20Library%20130b4629bb37815cba43d257528a2f7b/tal.png,App%20Library%20130b4629bb37815cba43d257528a2f7b/tally.png,No,"Free Plan, Subscription",Web/Content,"A no-code form builder with a Notion-style interface, Tally lets users create surveys, quizzes, and feedback forms without technical skills. It offers unlimited submissions, conditional logic, integrations, and a generous free plan.",No,Yes,https://tally.so,"January 3, 2025 1:31 PM","https://tally.so?ref=joshmillgate ","April 19, 2025 11:14 PM"
Glide,https://www.fahimai.com/wp-content/uploads/2024/08/Fahim-AI-68.png,https://logos-world.net/wp-content/uploads/2021/12/Glide-New-Logo.png,No,"Free Plan, Free Trial, Subscription",Automation/Analytics,A no-code platform that enables users to create custom business applications by connecting existing data from various sources like spreadsheets and SQL databases,No,Yes,https://www.glideapps.com/,"November 26, 2024 11:52 AM",,"April 19, 2025 11:15 PM"
Make,App%20Library%20130b4629bb37815cba43d257528a2f7b/Make.com_Logo_Banner.png,https://europe1.discourse-cdn.com/flex013/uploads/make/optimized/1X/694f3217def943314071cd7a9a61f8c14bce26a5_2_500x500.png,No,"Free Trial, Subscription",Automation/Analytics,"Make is a visual automation platform that allows users to design, build, and automate tasks, workflows, apps, and systems without coding skills. ",No,Yes,https://www.make.com/en,"August 28, 2024 11:56 PM",,"April 5, 2025 7:59 PM"
LinkTree,https://linktr.ee/_gatsby/image/41a028de01dcc6b39a782cde766a4edb/ac1eac8e78b33c49ae9f0c7eb911a044/blog_header_linktree_logo_l-2.png?u=https%3A%2F%2Fapi.blog.production.linktr.ee%2Fwp-content%2Fuploads%2F2022%2F08%2Fblog_header_linktree_logo_l-2.png&a=w%3D540%26h%3D360%26fit%3Dcrop%26crop%3Dcenter%26fm%3Dpng%26q%3D75&cd=68afb894fd95e0354558708c20a93b3f,App%20Library%20130b4629bb37815cba43d257528a2f7b/linktree%201.png,No,"Free Trial, Subscription",Sales/Marketing,Linktree is a social media landing page tool that allows users to create a customized page with multiple links to other sites and webpages,No,Yes,https://linktr.ee/,"August 28, 2024 11:54 PM",,"April 5, 2025 7:59 PM"
Lemon Squeezy,https://studiomast.co/assets/media/2021/01/LS_Blog-1.png,App%20Library%20130b4629bb37815cba43d257528a2f7b/lemon-squeezy.png,No,"Free Trial, Subscription",Productivity,"Lemon Squeezy offers a comprehensive suite of tools tailored for software companies, enabling them to handle payments, subscriptions, and tax compliance globally.",No,Yes,https://www.lemonsqueezy.com/,"August 28, 2024 11:49 PM",,"April 5, 2025 7:59 PM"
Framer,https://pbs.twimg.com/ext_tw_video_thumb/1732446565741326338/pu/img/TBWC6da9tzUE-z91.jpg,App%20Library%20130b4629bb37815cba43d257528a2f7b/framer.png,No,"Free Trial, Subscription",Web/Content,"Framer is a design tool and platform that allows designers and teams to create interactive prototypes, animations, and high-fidelity designs. ",No,Yes,https://www.framer.com/,"August 28, 2024 11:45 PM",,"April 19, 2025 11:14 PM"
Carrd,https://www.dropshirt.com.au/wp-content/uploads/2021/09/carrd-feat-900x520.jpg,App%20Library%20130b4629bb37815cba43d257528a2f7b/carrd.png,No,"Free Trial, Subscription",Web/Content,A website building platform for creating responsive one-page websites.,No,Yes,https://carrd.co/,"August 28, 2024 11:43 PM",,"April 5, 2025 7:59 PM"
ClickFunnels,https://passivesecrets.com/wp-content/uploads/2020/11/made-with-clickfunnels-affiliate-badge.png,App%20Library%20130b4629bb37815cba43d257528a2f7b/ClickFunnels_logo.svg,No,Subscription,Sales/Marketing,"A platform for building sales funnels, landing pages, and membership sites.",No,Yes,https://www.clickfunnels.com/,"August 28, 2024 11:35 PM",,"April 5, 2025 7:59 PM"
Beehiiv,https://beehiiv-images-production.s3.amazonaws.com/uploads/asset/file/28859f6a-6a80-41d9-810e-4a691b6c2753/image.png?t=1713978547,https://i0.wp.com/inboxcollective.com/wp-content/uploads/2023/01/beehiiv-logo.png?resize=580%2C547&ssl=1,No,"Free Trial, Subscription",Web/Content,"Beehiiv is a newsletter platform for content creators, offering tools to create, grow, and monetize newsletters without coding. ",No,Yes,https://www.beehiiv.com/,"August 28, 2024 11:30 PM",,"April 5, 2025 7:59 PM"
NinjaPipe,https://appsumo2-cdn.appsumo.com/media/deals/images/as-web-NinjaPipe-_16_9_uuid_7b101e76-5620-4835-8404-b13b55efdd65.png,https://gdm-catalog-fmapi-prod.imgix.net/ProductLogo/8adbe949-f924-4373-9d4e-8ff454f09f8a.jpeg,No,Subscription,Sales/Marketing,NinjaPipe is an all-inclusive CRM and sales automation platform designed to streamline business operations.,No,Yes,https://ninjapipe.com/,"August 28, 2024 11:27 PM",,"April 5, 2025 7:59 PM"
Letterly,"https://ph-files.imgix.net/8b86b46d-83c5-47f7-b596-4f5cde63926d.jpeg?auto=format&fit=crop, https://cdn.dribbble.com/userupload/14609678/file/original-2918fed87b0af11b68fe35cd62890904.jpg?crop=0x0-2560x1920",https://ph-files.imgix.net/1f0eba45-4ec4-4e44-9983-1ab9cd4c1134.png?auto=format,No,Subscription,AI,"Letterly is an AI mobile app that converts speech to polished text. It quickly transforms spoken words into clear emails, social posts, or notes.",No,Yes,https://letterly.app,"August 28, 2024 11:23 PM",,"April 5, 2025 7:59 PM"
Skool,https://i.ytimg.com/vi/lhCJSlbYhOU/maxresdefault.jpg,https://cdn.prod.website-files.com/625817c1528a479afc134612/64a57ad2db526ef3cffa71d8_Skool.png,No,Free Plan,Collaboration,"Skool is an online platform combining social networking and educational tools for community building. It offers monetization options, diverse community types, and intuitive features for creators across various niches like business and personal development.",No,Yes,https://www.skool.com/,"August 5, 2024 12:21 PM",,"April 5, 2025 7:59 PM"
AppSumo,https://formcake.com/images/appsumo.png,App%20Library%20130b4629bb37815cba43d257528a2f7b/Appsumo_Logo.png,No,"Free Plan, Subscription",Productivity,"AppSumo is a digital marketplace offering exclusive lifetime deals on software and educational resources for businesses. It features curated products, community reviews, and recently expanded into remote work tools and courses.",No,Yes,https://appsumo.com/,"August 5, 2024 12:18 PM",,"April 5, 2025 7:59 PM"
Agentive,https://agentivehub.com/agentive_og.webp,App%20Library%20130b4629bb37815cba43d257528a2f7b/agentive2.png,No,Free Beta,AI,"Agentive is an AI automation platform for creating and managing custom AI agents. It offers zero-downtime deployment, extensive integrations, and pre-built templates, serving 14,000+ agency owners with 5,500+ agents built.",No,Yes,https://agentivehub.com,"August 5, 2024 12:12 PM",,"April 5, 2025 7:59 PM"
Kong,https://cioinfluence.com/wp-content/uploads/2017/11/konghq-1-960x540.jpg,App%20Library%20130b4629bb37815cba43d257528a2f7b/kong.png,No,Pricing Not Listed,Automation/Analytics,"Kong Inc. is a top API management platform offering scalable, secure solutions for enterprises. Its developer-friendly products include Kong Konnect and Kong Gateway, with recent innovations in AI integration and consistent industry recognition.",No,Yes,https://konghq.com,"August 5, 2024 12:06 PM",,"April 5, 2025 7:59 PM"
Lusha,https://cdn.prod.website-files.com/6640cd28f51f13175e577c05/6683dceb6ac6ab733a7eadbe_2023-08-Vendor-Pricing-Lusha-1920x1080.webp,App%20Library%20130b4629bb37815cba43d257528a2f7b/lusha.png,Yes,"Free Plan, Subscription",Sales/Marketing,"Lusha is a B2B sales intelligence platform offering accurate contact data, CRM integrations, and advanced prospecting tools. It serves 280,000+ companies with compliant, community-enhanced data for improved sales processes.",No,Yes,https://www.lusha.com/,"August 5, 2024 12:03 PM",,"April 19, 2025 11:20 PM"
Seamless AI,https://cdn.prod.website-files.com/62226180d38a78472cd35dd2/629e3ed19f770c9a67998f06_seamless_share.png,App%20Library%20130b4629bb37815cba43d257528a2f7b/seamless.png,No,"Free Plan, Subscription",Sales/Marketing,"Seamless.AI is an AI-driven B2B sales platform offering real-time lead data, automated list-building, and CRM integrations. It streamlines prospecting with accurate, up-to-date information and intelligent messaging tools.",No,Yes,https://get.seamless.ai/y47kml3mhovv,"August 5, 2024 11:59 AM",,"April 5, 2025 7:59 PM"
Folk CRM,https://www.fahimai.com/wp-content/uploads/2024/09/Fahim-AI-88.png,App%20Library%20130b4629bb37815cba43d257528a2f7b/folkcrm.png,No,Subscription,Sales/Marketing,"Folk is a customizable CRM platform streamlining relationship management with user-friendly features, extensive integrations, and AI-enhanced outreach capabilities. It caters to diverse business needs with simplified, flexible tools.",No,Yes,https://www.folk.app/,"August 5, 2024 11:54 AM",,"April 5, 2025 7:59 PM"
WriteSonic,https://150697227.v2.pressablecdn.com/wp-content/uploads/2023/05/writesonic.jpg,App%20Library%20130b4629bb37815cba43d257528a2f7b/writesonic.png,No,"Free Plan, Subscription",AI,"Writesonic is an AI content creation platform offering tools for writing, SEO, chatbots, and multimedia generation. It serves 10 million users with real-time web integration, diverse AI models, and robust security, streamlining content optimization across various business needs.",No,Yes,https://writesonic.com/,"August 4, 2024 9:35 PM",,"April 5, 2025 7:59 PM"
Copy.ai,https://www.travelpayouts.com/blog/wp-content/uploads/2023/03/tp-blog-1864x980-3.png,App%20Library%20130b4629bb37815cba43d257528a2f7b/copyai.png,No,"Free Plan, Subscription",AI,"Copy.ai is an AI platform for marketing and sales automation. It serves 15 million users with pre-built workflows, extensive integrations, and robust data privacy, streamlining content creation and sales processes.",No,Yes,https://www.copy.ai/,"August 4, 2024 9:31 PM",,"April 5, 2025 7:59 PM"
Jasper AI,"https://venturebeat.com/wp-content/uploads/2022/10/Jasper.ai-Free-Trial-3.png, App%20Library%20130b4629bb37815cba43d257528a2f7b/What_is_Jasper_AI_Comprehensive_Guide.jpg",App%20Library%20130b4629bb37815cba43d257528a2f7b/jasperai.png,No,Subscription,AI,"Jasper AI is an enterprise-focused AI platform for marketing and content creation. It offers tools for brand consistency, content generation, and campaign optimization, serving over 100,000 companies with secure, ethical AI solutions.",No,Yes,https://www.jasper.ai/,"August 4, 2024 9:28 PM",,"April 5, 2025 7:59 PM"
byword.ai,https://cdn.prod.website-files.com/626be0409a74b1a1df7b7df5/6526a9fafa33652f7ece8645_64eef9e2815fa760704a8abc_The%2520Creator%2520Investor_Byword.ai.png,App%20Library%20130b4629bb37815cba43d257528a2f7b/Byword_AI_Tool.png,No,Subscription,AI,"Byword.ai is an AI-driven platform that generates high-quality articles at scale. It offers versatile, efficient content creation for businesses across industries, emphasizing scalability and quality.",No,Yes,https://byword.ai/,"August 4, 2024 9:26 PM",,"April 5, 2025 7:59 PM"
SuperNotes,https://i.ytimg.com/vi/F7puJIw0k-w/maxresdefault.jpg,App%20Library%20130b4629bb37815cba43d257528a2f7b/Supernotes_logo.png,No,"Free Plan, Subscription",Productivity,"SuperNotes is a cross-platform note-taking app featuring digital notecards, intuitive collaboration, and effortless organization. It streamlines information management for students, professionals, and researchers.",No,Yes,https://supernotes.app/,"August 4, 2024 9:19 PM",,"April 5, 2025 7:59 PM"
Clearbit,https://blog.catmedia.ie/hubfs/Clearbit%20by%20HubSpot.png,App%20Library%20130b4629bb37815cba43d257528a2f7b/Clearbit_logo.png,No,"Free Plan, Subscription",Web/Content,"Clearbit is a B2B data intelligence platform offering enriched lead and company data, real-time scoring, and CRM integration. ",No,Yes,https://clearbit.com/,"August 4, 2024 9:17 PM",,"April 5, 2025 7:59 PM"
Propoze,App%20Library%20130b4629bb37815cba43d257528a2f7b/Propoze_App_Image.jpeg,App%20Library%20130b4629bb37815cba43d257528a2f7b/propoze.png,No,"Free Plan, Subscription",AI,"Propoze is a digital platform that streamlines business proposal creation. It offers customizable templates and smart features, enabling users to quickly generate visually appealing proposals with efficiency and ease.",No,Yes,https://propoze.app,"August 4, 2024 9:11 PM",,"April 5, 2025 7:59 PM"
Pickaxe,App%20Library%20130b4629bb37815cba43d257528a2f7b/Pickaxe_Project_Image_(1).jpeg,App%20Library%20130b4629bb37815cba43d257528a2f7b/removed-pickaxe-logo.png,No,"Free Plan, Subscription",AI,"Pickaxe is a no-code platform for creating and monetizing branded AI tools. It offers easy customization with templates and data integration, making it ideal for coaching, consulting, education, and wellness. ",No,Yes,https://www.pickaxeproject.com/,"August 4, 2024 2:29 PM",,"April 5, 2025 7:59 PM"
Chipp AI,App%20Library%20130b4629bb37815cba43d257528a2f7b/Chipp_Hackathon.png,App%20Library%20130b4629bb37815cba43d257528a2f7b/chipp.png,No,"Free Plan, Subscription",AI,"http://chipp.ai/ is a no-code AI platform for building and sharing custom AI solutions. It supports diverse use cases like customer support bots, marketing automation, HR processes, and content creation. ",No,Yes,https://chipp.ai,"August 4, 2024 2:22 PM",,"April 5, 2025 7:59 PM"
Airy,App%20Library%20130b4629bb37815cba43d257528a2f7b/Capture-2025-02-01-075747.png,App%20Library%20130b4629bb37815cba43d257528a2f7b/removed-airy.png,No,"One-time Fee, Subscription",Productivity,"Airy is a powerful app that integrates your favorite AI models and web tools, accessible instantly. Summon your tools in just 0.1 seconds, boosting productivity and efficiency.",No,Yes,https://tryairy.com/,"August 1, 2024 11:53 AM",,"April 5, 2025 7:59 PM"
WriteSeed,https://www.offreavie.com/storage/2024/01/45c5aaef-8916-4bfb-8104-b5586a3ad0e2.jpg,https://cdn-1.webcatalog.io/catalog/writeseed/writeseed-icon.png?v=1714982784499,No,Subscription,Sales/Marketing,"An AI writing tool that helps users create SEO-optimized content for blogs, ads, and more. It offers features like topic recommendations, paraphrasing, and summarization.",No,Yes,https://writeseed.com/,"May 27, 2024 11:29 AM",,"April 19, 2025 10:30 PM"
Gapier,App%20Library%20130b4629bb37815cba43d257528a2f7b/gapier.png,https://ph-files.imgix.net/a970f6f6-df44-4f71-8af6-af0c5b8fb440.png?auto=format,Yes,"Free Plan, Subscription",AI,"Gapier allows ChatGPT users to create custom actions, automating repetitive tasks and integrating seamlessly with other apps. It enhances productivity by enabling users to define and execute personalized workflows, making it ideal for individuals and businesses looking to streamline their operations.",No,Yes,https://gapier.com/,"May 27, 2024 11:29 AM",,"April 19, 2025 11:26 PM"
Hypotenuse AI,https://webthat.io/wp-content/uploads/2023/03/1-2.png,https://bookface-images.s3.amazonaws.com/small_logos/db128807c45c4e66979161cb1469269d81323e67.png,No,Subscription,AI,"An AI-powered writing assistant that helps you create SEO-optimized content, including product descriptions, blog posts, and social media captions.",No,Yes,https://www.hypotenuse.ai/,"May 21, 2024 10:26 PM",,"April 19, 2025 11:21 PM"
Arcade,https://cdn.prod.website-files.com/61d72a2cda50bcf02928767c/659ee887b65c6c1c9da57edc_Frame.jpg,App%20Library%20130b4629bb37815cba43d257528a2f7b/Arcade.png,Yes,"Free Plan, Subscription",Web/Content,"A platform for creating interactive product demos effortlessly. It allows users to record, edit, share, and analyze engaging demos, making it easy to showcase products and capture audience interest.",No,Yes,https://www.arcade.software/,"May 21, 2024 10:24 PM",,"April 19, 2025 11:27 PM"
Saner AI,https://i.ytimg.com/vi/ANPI4hySJMI/hq720.jpg?sqp=-oaymwEhCK4FEIIDSFryq4qpAxMIARUAAAAAGAElAADIQj0AgKJD&rs=AOn4CLCJ8Yh8JpIuKwh7ZFD-P1xAcDsUrg,https://ph-files.imgix.net/196a09a4-7129-41aa-9c2b-7e7292e1630d.png?auto=format,Yes,"Free Plan, Subscription",AI,"An AI-powered note-taking app designed to help individuals, especially those with ADHD, capture, organize, and recall information effortlessly. It offers features like AI-assisted search, summarization, and context-aware suggestions.",No,Yes,https://saner.ai/,"May 21, 2024 10:20 PM",,"April 19, 2025 11:23 PM"
SuperFace,https://superface.ai/static_web/_next/static/media/share-image-connectivity.8ecfa4a4.png,App%20Library%20130b4629bb37815cba43d257528a2f7b/Capture-2025-04-19-223532.png,No,"Free Trial, Subscription",AI,"An AI-powered automation platform that connects to various systems, enabling you to automate tasks using natural language. It simplifies the SaaS integration process, allowing users to create customized workflows.",No,Yes,https://superface.ai/,"May 21, 2024 9:13 PM",,"April 19, 2025 10:35 PM"
SimpleScraper,https://simplescraper.io/easy_scraper_social.png?1,App%20Library%20130b4629bb37815cba43d257528a2f7b/SimpleScraper.png,No,"Free Plan, Subscription",AI,A user-friendly web scraping tool that converts website data into APIs. Designed for both non-technical users and developers who need automated data extraction.,No,Yes,https://simplescraper.io/,"May 21, 2024 9:07 PM",,"April 19, 2025 10:36 PM"
Posthaven,https://charleshays.com/wp-content/uploads/2013/11/posthaven_smash.png,App%20Library%20130b4629bb37815cba43d257528a2f7b/posthaven.png,No,"Free Trial, Subscription",Web/Content,"A durable blogging platform designed to preserve your posts indefinitely. It allows users to create simple blogs, post by web or email, invite contributors, and start mailing lists. ",No,Yes,https://posthaven.com/,"May 21, 2024 8:59 PM",,"April 19, 2025 10:36 PM"
Clay,"https://assets-global.website-files.com/61477f2c24a826836f969afe/6501a88f0bf7ada6436584d5_Group%203771%20(1).png, https://julien-breal.fr/wp-content/uploads/2024/03/formation-clay.png",App%20Library%20130b4629bb37815cba43d257528a2f7b/Clay_Logo2.jpeg,No,"Free Plan, Subscription",Sales/Marketing,"Clay is a data enrichment platform that allows businesses to automate personalized outreach using AI. It integrates with multiple data sources to enhance lead lists, enrich CRM data, and create targeted messaging, streamlining the prospecting process for sales and marketing teams.",No,Yes,https://www.clay.com/,"May 21, 2024 8:57 PM",,"April 19, 2025 10:37 PM"
Customer.io,https://cdn.dribbble.com/userupload/15112162/file/original-467018066726aa5f962bed8582c94a23.png?resize=752x&vertical=center,App%20Library%20130b4629bb37815cba43d257528a2f7b/Customer.io_logo.png,No,Subscription,Sales/Marketing,"A customer engagement platform that enables businesses to craft and automate personalized messages across multiple channels, including email, SMS, push, and in-app notifications.",No,Yes,https://customer.io/,"May 21, 2024 8:55 PM",,"April 19, 2025 10:37 PM"
SendFox,https://appsumo2-cdn.appsumo.com/media/deals/images/as-web-sendfox_ISOytAA.png,App%20Library%20130b4629bb37815cba43d257528a2f7b/SendFox_brandmark.png,No,"Free Plan, Subscription",Sales/Marketing,"SendFox is an affordable email marketing tool designed for content creators. It enables users to easily create, schedule, and automate newsletters, even without a website.",No,Yes,https://sendfox.com/,"May 21, 2024 8:54 PM",,"April 19, 2025 11:21 PM"
FocusMate,https://miro.medium.com/v2/resize:fit:1200/1*shqtV0CIOrAzzueF-_eXpQ.png,App%20Library%20130b4629bb37815cba43d257528a2f7b/Focusmate_logo_(1).jpeg,No,Subscription,Collaboration,"Focusmate is a virtual coworking platform that connects you with accountability partners to work together in timed sessions, helping you stay focused and productive.",No,Yes,https://app.focusmate.com/,"May 21, 2024 8:52 PM",,"April 19, 2025 11:21 PM"
Followr,https://www.aitoolsmith.com/wp-content/uploads/2023/06/followr-ai-tool.webp,App%20Library%20130b4629bb37815cba43d257528a2f7b/Followr_AI_logo.jpeg,No,Subscription,Web/Content,"An AI-driven social media management platform that automates content creation, scheduling, and engagement across multiple social media channels.",No,Yes,https://followr.ai/,"May 21, 2024 8:44 PM",,"April 19, 2025 10:38 PM"
Cassidy AI,https://cdn.prod.website-files.com/65492a45789d3e6ef2fce43a/66f2d0f130a0a738ff613149_Website%20Open%20Graph%20(1).png,App%20Library%20130b4629bb37815cba43d257528a2f7b/Cassidy_AI_Logo.jpeg,Yes,"Free Plan, Subscription",AI,"Cassidy AI is a versatile AI platform that enables businesses to create custom AI assistants and workflows tailored to their unique data. It integrates with various tools like Notion, Slack, and Google Drive to automate tasks such as lead qualification, customer support, and content creation, & enhancing efficiency.",No,Yes,https://www.cassidyai.com/,"May 21, 2024 8:41 PM",,"April 19, 2025 11:21 PM"
SalesLoft,https://focuslab-cms.imgix.net/shared/slft_cover2.png?ar=16%3A9&auto=format&crop=focalpoint&fit=crop&fp-debug=false&fp-x=0.5&fp-y=0.5&ixlib=php-3.1.0&q=100&width=1216&s=35efe4667c35249481399b91c8c5c73b,App%20Library%20130b4629bb37815cba43d257528a2f7b/salesloft.jpeg,No,"Pricing Not Listed, Subscription",Sales/Marketing,"Salesloft is an AI platform that enhances revenue workflow. It helps you close deals, forecast accurately, and drive success in your revenue organization. ",No,Yes,https://www.salesloft.com,"May 10, 2024 9:28 PM",,"April 19, 2025 10:40 PM"
Slapdash,App%20Library%20130b4629bb37815cba43d257528a2f7b/slapdash.png,https://cdn-1.webcatalog.io/catalog/slapdash/slapdash-icon.png?v=1714775870923,No,"Free Plan, Subscription",Automation/Analytics,"Slapdash is a toll that brings all your apps together in one placing making it easy to move through workflows that require moving data or information between apps. ",No,Yes,https://slapdash.com,"May 10, 2024 9:28 PM",,"April 19, 2025 11:21 PM"
Coda,App%20Library%20130b4629bb37815cba43d257528a2f7b/coda.jpeg,App%20Library%20130b4629bb37815cba43d257528a2f7b/coda.png,Yes,"Free Plan, Subscription",Collaboration,"Coda is a flexible document app that combines spreadsheets and apps. With tables, formulas, and interactive elements, it creates customizable interactive documents.",No,Yes,https://coda.io/,"May 10, 2024 9:28 PM",,"April 19, 2025 11:28 PM"
Bullet,App%20Library%20130b4629bb37815cba43d257528a2f7b/bullet_banner.jpeg,App%20Library%20130b4629bb37815cba43d257528a2f7b/bullet.webp,No,"Free Trial, Subscription",Web/Content,"http://bullet.so/ is a Notion website builder that converts Notion content into SEO-friendly websites & blogs. It offers customizable templates, integrations, and a user-friendly interface. Perfect for businesses, bloggers, and knowledge bases. No coding required.",No,Yes,https://bullet.so,"May 10, 2024 9:28 PM",,"April 19, 2025 10:40 PM"
Monday,https://thedigitalprojectmanager.com/wp-content/uploads/2021/04/In-depth-review-%E2%80%93-Monday.com-featured-image-1200x630.png,https://www.getharvest.com/hubfs/integration-icons/monday.png,No,"Free Plan, Subscription",Productivity,"http://monday.com/ is a project management platform that simplifies task tracking, team collaboration, and progress monitoring, while also offering reporting and analytics capabilities.",No,Yes,https://monday.com,"May 10, 2024 9:28 PM",,"April 19, 2025 10:58 PM"
Microsoft Dynamics,https://cdn2.interfaz.io/wp-content/uploads/2023/03/Microsoft_Dynamics365_blog.jpg,https://dynatechconsultancy.com/hs-fs/hubfs/Dynamics-365-updated-logo.png?width=200&height=208&name=Dynamics-365-updated-logo.png,No,Subscription,Sales/Marketing,"Microsoft Dynamics 365 is a CRM providing sales, marketing, and service functionality. It is offered as SaaS and on-premise.",No,Yes,https://dynamics.microsoft.com/en-us/,"May 10, 2024 9:28 PM",,"April 19, 2025 10:53 PM"
GetResponse,https://wedevs.com/img/wpuf/modules/GetResponse.png,App%20Library%20130b4629bb37815cba43d257528a2f7b/getresponse.png,No,"Free Plan, Subscription",Sales/Marketing,"GetResponse provides online marketing tools like emails, campaigns, tracking, segmenting, A/B testing, automation, analytics, customization & performance measurement.",No,Yes,https://getresponse.com,"May 10, 2024 9:28 PM",,"April 19, 2025 10:40 PM"
ZoomInfo,"https://cxscoop.com/wp-content/uploads/2023/02/ZoomInfo-to-Integrate-GPT-Into-Its-Platform.png, https://www.bluefrogdm.com/hubfs/blog%203.22.svg",https://cdn.freelogovectors.net/wp-content/uploads/2023/05/zoominfo_logo-freelogovectors.net_.png,No,"Free Trial, Subscription",Sales/Marketing,"ZoomInfo is a sales platform for 35,000+ companies providing real-time data, insights, and technology to help reach the right audience with contact and company information.",No,Yes,http://zoominfo.com/,"May 10, 2024 9:28 PM",,"April 19, 2025 11:12 PM"
Super,https://super-static-assets.s3.amazonaws.com/186f4256-f467-4f79-8d6f-40defe12b9b4/uploads/cover/613d4e62-eea8-4d3c-a09c-23916c63feca.png,https://assets.super.so/186f4256-f467-4f79-8d6f-40defe12b9b4/images/1fedca29-8b6d-4f22-835c-057d23866ff0/logo.svg,Yes,"Free Plan, Free Trial, Subscription",Web/Content,Super is a website platform powered by Notion. Create designs from scratch with no-code interface or customize templates. Add custom-code if needed.,No,Yes,https://super.so/,"May 10, 2024 9:28 PM",,"April 19, 2025 11:29 PM"
Outreach,https://s3-eu-west-1.amazonaws.com/tpd/logos/5c89361002e9ea00011086a1/0x0.png,https://a.storyblok.com/f/157376/192x192/7e7c13a76b/outreach_2x.png,No,"Pricing Not Listed, Subscription",Sales/Marketing,"Outreach is a sales platform that helps teams create and close more pipeline. With automation and AI, our platform increases efficiency and effectiveness of go-to-market activities and personnel.",No,Yes,https://www.outreach.io,"May 10, 2024 9:28 PM",,"April 19, 2025 10:53 PM"
SuperNormal,https://images.squarespace-cdn.com/content/v1/5c96943c840b16870d5c01fe/68c733f3-5cc9-4094-a5aa-e9c047dc6fcd/supernormal+banner.jpeg,https://pbs.twimg.com/profile_images/1665717823463645187/UtDaVv2B_400x400.png,No,"Free Plan, Subscription",Collaboration,"SuperNormal helps teams stay connected with quick, asynchronous video updates & AI-powered summaries—without meetings or time zone syncs.",No,Yes,https://supernormal.com,"May 10, 2024 9:28 PM",,"April 19, 2025 10:52 PM"
Asana,https://assets.asana.biz/m/4aecf2c7c66aa51b/original/asana-meta-coral-1x.png,App%20Library%20130b4629bb37815cba43d257528a2f7b/Untitled.png,No,"Free Plan, Subscription",Productivity,Asana is a project management tool that helps teams stay on top of tasks and deadlines. It's easy to learn and can be used by small businesses or large organizations.,No,Yes,https://asana.com/,"May 10, 2024 9:28 PM",,"April 19, 2025 10:41 PM"
Insightly,"https://www.softwareglimpse.com/wp-content/uploads/2023/06/insightly-crm-review.jpg, https://www.minterapp.com/wp-content/uploads/2023/06/Frame-7.png",https://leadsbridge.com/wp-content/themes/leadsbridge/img/integration-lg-logos/logo74.png,No,"Free Trial, Subscription",Sales/Marketing,"Insightly is a CRM tool with an easy-to-use interface to manage contacts, tasks, and projects. It can be customized to fit individual needs.",No,Yes,https://Insightly.com,"May 10, 2024 9:28 PM",,"April 19, 2025 10:52 PM"
Engagebay,https://cdn5.engagebay.com/assets/img/engagebay-og.png,https://ph-files.imgix.net/4e71c313-76b4-47a6-819f-5cf497f5e31d.png?auto=format,No,"Free Plan, Subscription",Sales/Marketing,"EngageBay provides a simple, powerful, affordable, integrated all-in-one marketing, sales & support software with free CRM.",No,Yes,https://www.engagebay.com,"May 10, 2024 9:28 PM",,"April 19, 2025 10:51 PM"
Gong,https://mma.prnewswire.com/media/1653826/Gong_New_Logo.jpg?p=twitter,https://res.cloudinary.com/apideck/image/upload/v1638342551/marketplaces/gong_app_icon_knhwgc.png,No,Provided by request,Sales/Marketing,"The Gong Revenue Intelligence Platform uses AI to help teams capture, understand, and act on customer interactions.",No,Yes,https://www.gong.io,"May 10, 2024 9:28 PM",,"April 19, 2025 10:51 PM"
Text Sniper,https://cdn.dribbble.com/users/9573/screenshots/14280511/media/1b757d276d71ed53e9cc9043d73504b9.png?resize=400x0,https://is1-ssl.mzstatic.com/image/thumb/Purple211/v4/2b/7a/b6/2b7ab603-fdee-d92e-f3ea-f3ef5f597aef/AppIcon-new-0-0-85-220-0-2-0-2x.png/1200x630bb.png,No,"Free Plan, Subscription",Productivity,"Text Sniper is a powerful tool for quickly and accurately editing text. It helps you find and replace text across multiple documents with one search, speeding up tedious tasks.",No,Yes,https://textsniper.app/,"May 10, 2024 9:28 PM",,"April 19, 2025 10:49 PM"
Airtable,https://cdn.prod.website-files.com/62b33d4be1f1d9e3d9bb1e64/63ecee38abdc78c85f7f09c4_What%20is%20Airtable%20%26%20How%20Does%20It%20Work_.jpg,App%20Library%20130b4629bb37815cba43d257528a2f7b/airtable.png,No,"Free Plan, Subscription",Collaboration,"Airtable is a flexible task management app that combines spreadsheets and databases. It allows users to organize tasks, set deadlines, and collaborate with team members in customizable workflows.",No,Yes,https://www.airtable.com/,"May 10, 2024 9:28 PM",,"April 19, 2025 9:55 PM"
Chat GPT,https://www.hatchwise.com/wp-content/uploads/2024/05/image-18-1024x694.jpeg,App%20Library%20130b4629bb37815cba43d257528a2f7b/ChatGPT_Mac.png,No,"Free Plan, Subscription",AI,"Chat GPT is an AI-powered tool for chatbot development and natural language processing, capable of generating human-like responses for a wide range of conversational AI applications.",No,Yes,https://chat.openai.com/,"May 10, 2024 9:28 PM",,"April 19, 2025 10:42 PM"
Attio,"https://a.storyblok.com/f/234930/1900x1000/c2028529da/og-default.jpeg, https://a.storyblok.com/f/234930/1800x945/97385b44a0/automations-og.png",https://static.integration.app/connectors/attio-connector/logo-8f5adba3-1d05-4e42-a0f7-1db76c841e5f.png,No,"Free Plan, Subscription",Sales/Marketing,Attio is a customizable CRM with an extension that imports data from the internet and enhances records with social media and geographic data. It also has relationship intelligence to identify high-priority prospects and customers.,No,Yes,https://attio.com/,"May 10, 2024 9:28 PM",,"April 19, 2025 10:49 PM"
Hubspot,https://www.ux-digital.co.uk/hubfs/UXD-Getting%20Started%20with%20HubSpot.jpg,https://cdn4.iconfinder.com/data/icons/logos-and-brands/512/168_Hubspot_logo_logos-512.png,No,"Free Plan, Subscription",Sales/Marketing,"Hubspot assists businesses with marketing, sales, customer service, website creation, personalization, lead generation, closing sales, analytics & reporting, and integrations.",No,Yes,https://hubspot.com,"May 10, 2024 9:28 PM",,"April 19, 2025 10:49 PM"
ClickUp,https://doubleshotstudio.com.au/wp-content/uploads/2023/10/ClickUp-Logo.png,https://user-images.githubusercontent.com/819186/122826122-719a0980-d2eb-11eb-8100-48d8a40d57f8.png,No,"Free Plan, Subscription",Collaboration,"ClickUp is a cloud-based project management tool for businesses of all sizes. It offers task management, team collaboration, workflows, and document sharing. The app has a user-friendly interface and integrates with other tools to streamline project workflows.",No,Yes,https://clickup.com/,"May 10, 2024 9:28 PM",,"April 19, 2025 10:47 PM"
Sugar CRM,https://www.sugarcrm.com/de/wp-content/themes/sugarcrm/assets/images/brand-ph-blue@2x.jpg,https://leadsbridge.com/wp-content/themes/leadsbridge/img/integration-lg-logos/logo153.png,No,Subscription,Sales/Marketing,"SugarCRM is a sales, marketing, and service platform for growing companies. ",No,Yes,https://www.sugarcrm.com,"May 10, 2024 9:28 PM",,"April 19, 2025 10:48 PM"
Reeder 5,https://www.thechampionsteamtr.com/wp-content/uploads/2019/10/Reeder-Logo.jpg,App%20Library%20130b4629bb37815cba43d257528a2f7b/Reeder.png,No,One-time Fee,Web/Content,"Reeder 5 - the latest RSS reader app - offers a streamlined interface and powerful features, plus support for multiple accounts and services. Keep all your news in one place.",No,Yes,https://reederapp.com/,"May 10, 2024 9:28 PM",,"April 19, 2025 10:43 PM"
AgileCRM,https://i.ytimg.com/vi/crX_wGXRk8o/maxresdefault.jpg,App%20Library%20130b4629bb37815cba43d257528a2f7b/removed-agile.jpg,No,"Free Plan, Subscription",Sales/Marketing,"Agile CRM is a fully-integrated marketing, service, and sales platform for small businesses. ",No,Yes,https://www.agilecrm.com,"May 10, 2024 9:28 PM",,"April 19, 2025 10:46 PM"
Trello,https://i0.wp.com/www.riskology.co/wp-content/uploads/2013/05/trello.png?fit=620%2C234&ssl=1,https://cdn-icons-png.flaticon.com/512/2504/2504834.png,No,"Free Plan, Subscription",Productivity,Trello is a task management app that helps you stay organized and meet deadlines with its customizable workflow and intuitive interface.,No,Yes,https://trello.com,"May 10, 2024 9:28 PM",,"April 19, 2025 10:45 PM"
Confluence,https://i0.wp.com/thecyberthrone.in/wp-content/uploads/2023/10/image-5.png?fit=2240%2C1260&ssl=1,https://images.icon-icons.com/2429/PNG/512/confluence_logo_icon_147305.png,No,"Free Plan, Subscription",Collaboration,"Confluence is a team collaboration tool used for storing documents, creating blogs, sharing ideas, managing tasks, and having conversations in one central place.",No,Yes,https://www.atlassian.com/software/confluence,"May 10, 2024 9:28 PM",,"April 19, 2025 10:45 PM"
Amie,https://images.squarespace-cdn.com/content/v1/6259b2c92f707856afc062bc/7c9a8bf5-e2b2-453f-84f8-ac3ac3c6d12f/1.jpeg,https://bymilliepham.com/wp-content/uploads/2024/07/amie-logo.png,No,Free Plan,Productivity,"Amie is an organizing app for individuals and teams with a todo list, activity feed, and integration with third-party services. Available for macOS and Windows.",No,Yes,https://amie.so,"May 10, 2024 9:28 PM",,"April 19, 2025 10:44 PM"
Figma,https://preview.redd.it/figma-redesigned-logo-v0-vphqd89f1sua1.jpg?width=1600&format=pjpg&auto=webp&s=757ef1fc22f2f681318bd871c89cd2f14cad4b4f,https://static-00.iconduck.com/assets.00/figma-icon-2048x2048-lvgft610.png,No,"Free Plan, Subscription",Web/Content,"Figma is a top design tool for teams, featuring drag-and-drop, real-time collaboration, in-app commenting, and version control for seamless design creation and sharing.",No,Yes,https://figma.com,"May 10, 2024 9:28 PM",,"April 19, 2025 10:44 PM"
Nutshell,https://eaog2nkqckp.exactdn.com/wp-content/uploads/2023/01/615b50c7e235db10595ae7b5_Logo-color-min-1-1024x772.png?strip=all&lossy=1&ssl=1,https://gdm-catalog-fmapi-prod.imgix.net/ProductLogo/11503072-fb77-4d2e-ba0e-81dfea7aad0e.png,No,"Free Trial, Subscription",Sales/Marketing,"Nutshell is an all-in-one CRM and email marketing platform that helps B2B organizations work together to win more deals. ",No,Yes,https://www.nutshell.com,"May 10, 2024 9:28 PM",,"April 19, 2025 10:44 PM"
Feather,https://api.typedream.com/v0/document/public/9811b27d-fc34-4778-8d1f-2b145152310e/2WMsbrr99wzju89dqO6qZyqs9QN_Untitled.png,App%20Library%20130b4629bb37815cba43d257528a2f7b/removed-Feather.so_Logo.jpg,No,"Free Trial, Subscription",Web/Content,"Feather is a blog platform powered by Notion. You can create and publish an SEO-optimized blog quickly, without any coding or design skills.",No,Yes,https://feather.so/,"May 10, 2024 9:28 PM",,"April 19, 2025 10:50 PM"
Zoho CRM,https://5.imimg.com/data5/SELLER/Default/2022/6/TO/MF/OT/155196827/zoho-crm-implementation.png,https://help.useresponse.com/public/attachments/e03e319fea19e3370adde20197f4cfe6.png,No,"Free Trial, Subscription",Sales/Marketing,Zoho CRM is a cloud-based 360° customer relationship management tool that caters to business needs of mid-scale businesses to large-scale enterprises.,No,Yes,https://www.zoho.com/crm/,"May 10, 2024 9:28 PM",,"April 19, 2025 10:45 PM"
Highspot,https://api.typedream.com/v0/document/public/9811b27d-fc34-4778-8d1f-2b145152310e/2gIpX0t0BMxBcR452jky0tdPN8g_highspot.jpeg,https://cdn.prod.website-files.com/6640cd28f51f13175e577c05/664e0092e3ed1bc43b7db6f4_d5b38622-2a4f-5abd-90d5-7463d3676f20.svg,No,"Pricing Not Listed, Subscription",Sales/Marketing,"Highspot is a leading sales enablement solution with AI technology. It offers search, content organization, analytics, guided selling, and 50+ integrations.",No,Yes,,"May 10, 2024 9:28 PM",,"April 19, 2025 10:50 PM"
Bardeen,https://i.ytimg.com/vi/JOb66KeU9pY/maxresdefault.jpg,https://hybrid-rituals.com/wp-content/uploads/2025/02/Bardeen_logo.png,No,Free Plan,Automation/Analytics,Bardeen is an automation app to replace your repetitive tasks with a single shortcut and control your webapps from anywhere.,No,Yes,https://bardeen.ai,"May 10, 2024 9:28 PM",,"April 19, 2025 10:30 PM"
AISEO,"https://vonziggi.com/wp-content/uploads/2022/10/Group-2-1.png, https://webthat.io/wp-content/uploads/2023/03/Replace-with-your-products.png",https://gdm-catalog-fmapi-prod.imgix.net/ProductLogo/1a14460f-548d-464a-a652-14529337f8c5.png,No,Subscription,AI,"AISEO is an AI writing tool that generates SEO-optimized content tailored to your brand. It analyzes your style and keywords to produce blog posts, articles, and product descriptions.",No,Yes,https://aiseo.ai,"May 10, 2024 9:28 PM",,"April 19, 2025 10:28 PM"
Apollo,"https://assets.techrepublic.com/uploads/2024/05/tr_20240515-apollo-io-review.jpg, https://alphaefficiency.com/wp-content/uploads/2023/10/Apollo.io-review.png",https://www.paraform.com/apollo_logo.png,No,"Free Plan, Subscription",Sales/Marketing,"Apollo is a trusted data intelligence and sales engagement platform used by 20,000 customers. Its crowdsourcing ensures data accuracy and wide coverage.",No,Yes,https://Apollo.io,"May 10, 2024 9:28 PM",,"April 19, 2025 10:27 PM"
Allego,https://api.typedream.com/v0/document/public/9811b27d-fc34-4778-8d1f-2b145152310e/2gIpYUbsYjftcaDp0BPgLoUBWdN_allego.jpeg,https://api.typedream.com/v0/document/public/9811b27d-fc34-4778-8d1f-2b145152310e/2gIpYUbsYjftcaDp0BPgLoUBWdN_allego.jpeg,No,Pricing Not Listed,Sales/Marketing,Allego provides one of the market leading revenue enablement platforms.,No,Yes,https://www.allego.com,"May 10, 2024 9:28 PM",,"April 19, 2025 10:27 PM"
Spark Mail,https://sparkmailapp.com/img/blog/introducing-spark-for-teams.png?1592587369412,https://upload.wikimedia.org/wikipedia/commons/c/c2/Spark_App_Logo.svg,No,"Free Plan, Subscription",Collaboration,"Spark is a great email client, boasting a sleek UI, pre-reviewing emails, integrations with productivity apps, and a command bar.",No,Yes,https://sparkmailapp.com/,"May 10, 2024 9:28 PM",,"April 19, 2025 10:27 PM"
FreshSales,https://i.ytimg.com/vi/swmcv5cTGtk/maxresdefault.jpg,https://www.customerlabs.com/wp-content/uploads/2020/05/Freshsales.webp,No,"Free Plan, Free Trial, Subscription",Sales/Marketing,"Freshsales is a Sales CRM software by Freshworks that simplifies pipeline building and deal closing, thereby enhancing sales productivity. It features AI-powered contact scoring, predictive deal insights, and workflow automation for efficient lead identification and management.",No,Yes,https://www.freshworks.com/crm/sales/,"May 10, 2024 9:28 PM",,"April 19, 2025 10:27 PM"
Canva,https://cdn.vox-cdn.com/thumbor/zLQoUa2MeowDb_BXcajiOtfaqmo=/0x0:2040x1360/2000x1333/filters:focal(1020x680:1021x681)/cdn.vox-cdn.com/uploads/chorus_asset/file/25355957/STK263_CANVA_D.png,https://freepnglogo.com/images/all_img/1691829322canva-app-logo-png.png,No,"Free Plan, Subscription",Web/Content,Canva is a design platform with a drag-and-drop interface that helps users create pro-looking graphics. It offers templates to get started and a marketplace to buy images and design elements.,No,Yes,https://canva.com,"May 10, 2024 9:28 PM",,"April 19, 2025 10:26 PM"
NimbleCRM,https://i.ytimg.com/vi/e2rnFcCfD1A/hq720.jpg?sqp=-oaymwEhCK4FEIIDSFryq4qpAxMIARUAAAAAGAElAADIQj0AgKJD&rs=AOn4CLBj2N_ss2XXLnyj_DT8tKYoEpVo7Q,App%20Library%20130b4629bb37815cba43d257528a2f7b/removed-NimbleCRM_logo.jpg,No,"Free Trial, Subscription",Sales/Marketing,Nimble is the industry-leading CRM for Office 365 and G Suite that builds award-winning contact management solutions for teams and individuals.,No,Yes,https://www.nimble.com,"May 10, 2024 9:28 PM",,"April 19, 2025 10:26 PM"
Slack,https://t3.ftcdn.net/jpg/05/04/97/72/360_F_504977255_uCILN415AMPOusQzJAqfMZmnKVf4rBsx.jpg,https://upload.wikimedia.org/wikipedia/commons/thumb/d/d5/Slack_icon_2019.svg/2048px-Slack_icon_2019.svg.png,No,"Free Plan, Subscription",Collaboration,"Slack is a platform for efficient team communication & collaboration, providing messaging, file sharing, task management, search & archiving. It helps teams stay connected & productive.",No,Yes,https://slack.com,"May 10, 2024 9:28 PM",,"April 19, 2025 10:25 PM"
Chatbase,https://gdm-catalog-fmapi-prod.imgix.net/ProductScreenshot/ca2472b7-c7ea-453e-a6fa-48a5d9644cd7.png,https://botpenguin-assets.s3.us-east-2.amazonaws.com/cdn/assets/website/Chatbase_9e94f264ae.webp,No,"Free Plan, Subscription",AI,"Chatbase allows you to create custom ChatGPTs trained on your data, enhancing customer support, automating tasks, and providing personalized experiences. It integrates easily with your existing systems, ensuring a seamless user experience.",No,Yes,https://www.chatbase.co/,"May 10, 2024 9:28 PM",,"April 19, 2025 10:25 PM"
Pipedrive,https://management.org/wp-content/uploads/2023/04/Pipedrive-Review-Pricing_-Features_-and-More.jpg,https://blog.blitzen.com/wp-content/uploads/Pipedrive-01.png,No,"Free Trial, Subscription",Sales/Marketing,Pipedrive is a CRM that helps businesses stay organized. It features tools to track customer interactions and a UI to easily manage sales pipeline.,No,Yes,https://pipedrive.com,"May 10, 2024 9:28 PM",,"April 19, 2025 10:25 PM"
EverNote,https://www.challies.com/media/2016/10/Evernotebanner.jpg,https://cdn-icons-png.flaticon.com/512/187/187193.png,No,"Free Plan, Subscription",Productivity,"Evernote is a note-taking app that also offers task management, document organization, and collaboration features. It allows users to create and organize notes, set reminders, and collaborate with others on shared notes.",No,Yes,https://evernote.com/,"May 10, 2024 9:28 PM",,"April 19, 2025 10:24 PM"
Tally,App%20Library%20130b4629bb37815cba43d257528a2f7b/Tally_Banner_2400x1280.jpg,https://files.nachonacho.com/users/cl12m0wwr136122epmu7ds49cn8/nn_1682435465315_tally_2_1.png,No,"Free Plan, Subscription",Web/Content,"Tally is a super easy to use and powerful form builder. It offers free features like payments, conditional logic, answer piping, calculations & hidden fields.",No,Yes,https://tally.so,"May 10, 2024 9:28 PM",,"April 19, 2025 10:24 PM"
Really Simple Systems,https://mma.prnewswire.com/media/542735/RSS_Logo.jpg?p=facebook,https://www.trustradius.com/vendor-logos/KV/nq/JUW121WX246Z-180x180.PNG,No,"Free Trial, Subscription",Sales/Marketing,Really Simple Systems is a Cloud CRM SaaS for customer relationship management built for small b2b businesses,No,Yes,https://www.reallysimplesystems.com,"May 10, 2024 9:28 PM",,"April 19, 2025 10:23 PM"
Drip,"https://images.g2crowd.com/uploads/optimized_product_banner/image/992/ce53e22e167ed30ef83d0a93425b7da6.png, https://api.typedream.com/v0/document/public/cfb87dd0-433d-4363-b575-b16129c3e286/2doCFBX6J7URJOMrlUDDPbMOT8z_drip2.png",https://cdn-1.webcatalog.io/catalog/drip/drip-icon-unplated.png?v=1714774205364,No,Subscription,Sales/Marketing,"Drip is a marketing platform that allows businesses to engage customers through email, onsite interactions, segmentation, & automation.",No,Yes,https://www.drip.com,"February 8, 2024 1:36 PM",,"April 19, 2025 10:23 PM"
WebPilot,https://i1.wp.com/topai.tools/assets/img/tools/webpilot-ai.webp?w=439&q=75,https://www.startuphub.ai/wp-content/uploads/WebPilot-logo.png,No,"Free Plan, Subscription",AI,WebPilot is a chrome extension and API that uses AI to allow users to interact with any webpage.,No,Yes,https://www.webpilot.ai,"February 8, 2024 8:50 AM",,"April 19, 2025 10:22 PM"
Scribe,https://i.ytimg.com/vi/kzMa94FtE_w/maxresdefault.jpg,https://theprocesshacker.com/wp-content/uploads/2023/11/scribehow.com_.png,No,"Free Plan, Subscription",Automation/Analytics,"Scribe auto-generates step-by-step guides, complete with text and screenshots. Share what you know without losing another minute.",No,Yes,https://scribehow.com,"February 8, 2024 8:48 AM",,"April 19, 2025 10:22 PM"
ContactOut,https://ceblog.s3.amazonaws.com/wp-content/uploads/2023/03/31003036/contactout-logo.png,App%20Library%20130b4629bb37815cba43d257528a2f7b/contactout.jpeg,No,"Free Trial, Subscription",Sales/Marketing,"Find emails and phone numbers for 300M professionals, including B2B data for 30M companies.",No,Yes,https://contactout.com,"February 8, 2024 8:45 AM",,"April 19, 2025 10:21 PM"
VEED.io,https://assets.eweek.com/uploads/2024/10/ew_20241009-veed-io-review.png,App%20Library%20130b4629bb37815cba43d257528a2f7b/removed-veed.png,No,"Free Plan, Subscription",AI,"An online video editing platform tailored for content creators and marketers. It offers a user-friendly, cloud-based interface that simplifies video editing, subtitling, and enhancement—making professional video production accessible to both beginners and experts.",No,Yes,https://veed.io,"February 8, 2024 8:33 AM",,"April 19, 2025 10:20 PM"
Elephas AI,https://superblog.supercdn.cloud/site_cuid_cl495vqej08071jpawt8inf39/images/elephasbanner1-1713335228208-compressed.png,https://elephas.app/images/elephas/elephas-logo.png,No,"Free Trial, Subscription",AI,Elephas is a personal AI writing assistant that seamlessly works on top of all your apps.,No,Yes,https://elephas.app,"February 8, 2024 8:25 AM",,"April 19, 2025 10:05 PM"
Eloise AI,https://api.typedream.com/v0/document/public/cfb87dd0-433d-4363-b575-b16129c3e286/2doCHc6F8SfTKyQ9PyJlQtXKn9k_Eloise_ai.png,App%20Library%20130b4629bb37815cba43d257528a2f7b/removed-Eloise_Al.png,No,"Free Plan, Subscription",AI,"http://eloise.ai/ is an innovative customer service solution that utilizes AI to streamline support operations and enhance user interactions. By automating response routing and providing intelligent assistance, it reduces response times and elevates overall customer satisfaction.",No,Yes,https://eloise.ai,"February 8, 2024 8:20 AM",,"April 19, 2025 10:05 PM"
Success.ai,https://appsumo2-cdn.appsumo.com/media/deals/images/as-web-Success.ai_-_16_9.png,App%20Library%20130b4629bb37815cba43d257528a2f7b/removed-successai.jpeg,No,"Free Trial, Subscription",Sales/Marketing,"Success.ai enhances cold email marketing with AI-generated personalized emails, a vast database of 700M+ B2B leads, and additional outbound email tools.",No,Yes,https://get.success.ai/8rxgp19140nt,"February 6, 2024 4:33 PM",,"April 19, 2025 10:04 PM"
Yesware,https://emailmate-bc85.kxcdn.com/blog/wp-content/uploads/2018/06/YesWare-Logo.jpg,https://gdm-catalog-fmapi-prod.imgix.net/ProductLogo/9635d53a-5c0b-47f4-90c7-5a03714c87ea.png?w=128&h=128&fit=max&dpr=3&auto=format&q=50,No,"Free Plan, Subscription",Sales/Marketing,"Yesware is a sales platform that offers email tracking, multi-channel campaigns, meeting scheduling, templates, reporting, and analytics.",No,Yes,https://yesware7054.partnerlinks.io/dblci0dglza6,"January 26, 2024 11:27 AM",,"April 19, 2025 10:03 PM"
Reclaim,https://www.fahimai.com/wp-content/uploads/2024/08/Fahim-AI-34.png,App%20Library%20130b4629bb37815cba43d257528a2f7b/reclaim.png,No,"Free Plan, Subscription",AI,An AI-driven scheduling app that helps teams optimize their calendars and create more productive workweeks.,No,Yes,https://go.reclaim.ai/50evpm1giyme-hgni5o,"January 18, 2024 2:31 PM",,"April 5, 2025 7:59 PM"
Browse AI,https://cdn.dealmango.com/wp-content/uploads/2022/07/Browse-AI-Lifetime-Deal-on-Appsumo.jpg,https://images.genai.works/browseai_56cc44688b.png,No,Subscription,AI,Browse AI allows users to easily scrape and monitor data from any website without writing a single line of code.,No,Yes,https://www.browse.ai,"January 18, 2024 2:26 PM",,"April 19, 2025 10:03 PM"
ParnterStack,"https://images.prismic.io/brandfetch/72264565-eaa1-4923-abba-2815bd431583_image1.png?auto=compress,format",https://www.getcensus.com/hubfs/assets/images/integrations/partner-stack.png,No,Free Plan,Sales/Marketing,PartnerStack is a comprehensive partner ecosystem platform designed for B2B SaaS companies to find new partners and manage their current partnerships.,No,Yes,https://partnerstack.com/,"January 18, 2024 2:20 PM",,"April 19, 2025 10:03 PM"
Notion Calendar,https://calendar.notion.so/notion-calendar-og-image.png,App%20Library%20130b4629bb37815cba43d257528a2f7b/removed-notion_cal.png,No,Free Plan,Productivity,Notion Calendar is a versatile time management tool that integrates with your Notion workspace and Google Calendar.,No,Yes,https://notion.so/calendar,"December 17, 2023 8:39 PM",,"April 19, 2025 10:02 PM"
Things 3,https://culturedcode.com/things/2022-07-21/images/appledesignaward-graphic-new-io70.png,https://cdn.jim-nielsen.com/macos/512/things-3-2017-05-19.png?rf=1024,No,One-time Fee,Productivity,"Things is a personal task manager that helps you plan your day, manage your projects, and make progress toward your goals.",No,Yes,https://culturedcode.com/things/,"December 17, 2023 8:39 PM",,"April 19, 2025 10:01 PM"
Wrike,https://www.proofhub.com/articles/wp-content/uploads/2023/06/Wrike-project-management-1.jpg,https://verticle.cfd/6640cd28f51f13175e577c05/664e00d55d95a4c500a1e459_7c25ae56-ca82-54cf-bc6d-2763842e0bc2.svg,No,"Free Plan, Subscription",Productivity,"Wrike is a collaborative work management platform that helps teams stay organized, plan, coordinate, and execute projects with ease. Create tasks, assign deadlines, and track progress in real time.",No,Yes,https://www.wrike.com,"December 17, 2023 8:39 PM",,"April 19, 2025 10:00 PM"
Copper CRM,https://goodform.studio/wp-content/uploads/2024/04/GoodForm_Copper_Thumbnail_03.jpg,https://netstorage.ringcentral.com/appext/logo/DFBAzO2sQJuQr7eRUebj2Q~bjpquaV0QQ6fsKV--4f7Eg/733ba20f-8028-465f-bc16-89e84cd638f0.png,No,"Free Trial, Subscription",Sales/Marketing,"Copper CRM is a cloud-based CRM to manage customer relationships, offering customer service, sales, marketing, communication, automated workflows, interaction tracking and real-time data insights to help businesses improve customer service and increase sales.",No,Yes,https://copper.com,"December 17, 2023 8:39 PM",,"April 19, 2025 10:00 PM"
LemList,"https://fiverr-res.cloudinary.com/images/t_main1,q_auto,f_auto,q_auto,f_auto/gigs/241224288/original/a9e1786cf60cfba8556f19e1715cd5ce2d9c1bc9/setup-lemlist-account-for-cold-emails-and-lead-generation.png",https://cdn.prod.website-files.com/651d69a866763b8d1369908a/6780df71ef14fcfb8eb9a3f2_lemlist-logo.png,No,"Free Trial, Subscription",Sales/Marketing,"Lemlist is a dynamic sales automation and email outreach platform focused on personalized engagement. It enables users to craft and execute highly tailored cold-email campaigns with automated follow-ups, boosting lead conversion rates and fostering strong customer relationships.",No,Yes,https://lemlist.com,"December 17, 2023 8:39 PM",,"April 19, 2025 9:59 PM"
Humantic AI,https://www.smartymeet.com/hubfs/webpages/blog/smartymeet-and-humantic.ai.png,https://media.humantic.ai/img/humantic-logo.png,No,"Free Trial, Subscription",AI,"Humantic AI is a Buyer Intelligence platform for revenue teams. Top revenue teams use Humantic's Personality AI to identify early adopters, help their BDRs personalize outreach and enable their AEs with vital customer insights for every deal.",No,Yes,https://humantic.ai/,"December 17, 2023 8:39 PM",,"April 19, 2025 9:59 PM"
Salesforce,https://t4.ftcdn.net/jpg/05/05/87/81/360_F_505878106_cj7ql5Djcvukb3kmnmtOrvSo5hL1yoYa.jpg,https://upload.wikimedia.org/wikipedia/commons/thumb/f/f9/Salesforce.com_logo.svg/2560px-Salesforce.com_logo.svg.png,No,Subscription,Sales/Marketing,"Salesforce is a cloud-based CRM software that streamlines sales, marketing, and customer service with automation and flexible subscription pricing.",No,Yes,salesforce.com,"December 17, 2023 8:39 PM",,"April 19, 2025 9:59 PM"
Typeform,https://logos-download.com/wp-content/uploads/2019/01/Typeform_Logo.png,https://cdn.prod.website-files.com/66ffe2174aa8e8d5661c2708/6734a84a9da0d796c61f411f_guidelines-logo.webp,No,"Free Plan, Subscription",Sales/Marketing,"Typeform is an online survey and form builder that offers templates, logic jumps, data analysis, and a drag-and-drop editor. Surveys and forms can be distributed via email, social media, or embedded.",No,Yes,https://typeform.com,"December 17, 2023 8:39 PM",,"April 19, 2025 9:59 PM"
MacGPT,https://www.macgpt.com/images/newicon.png,https://www.macgpt.com/images/newicon.png,No,One-time Fee,AI,MacGPT is an AI chat application that can be accessed from anywhere on your Mac. Its Global feature opens a textfield in the center of your screen for easy chatting with ChatGPT.,No,Yes,https://macgpt.com,"December 17, 2023 8:39 PM",,"April 19, 2025 9:58 PM"
Plausible,https://www.fahimai.com/wp-content/uploads/2025/02/plausible-logo.png,https://images.saasworthy.com/plausibleanalytics_9728_logo_1632464972_2lptx.png,No,"Free Trial, Subscription",Automation/Analytics,"Plausible is an open source, cookie-free analytics platform compliant with GDPR, CCPA & PECR. It's hosted in the EU using European cloud infrastructure.",No,Yes,https://plausible.io,"December 17, 2023 8:39 PM",,"April 19, 2025 9:58 PM"
TickTic,https://d2dyh47stel7w4.cloudfront.net/Pictures/480xany/7/8/6/239786_banner_697523.png,https://static.macupdate.com/products/59046/s/ticktick-logo.png?v=1664260680,No,"Free Trial, Subscription",Productivity,"TickTick is a versatile task and to-do management app that allows you to schedule agendas, make memos, collaborate with your team, and track habits.",No,Yes,https://ticktick.com/,"December 17, 2023 8:39 PM",,"April 19, 2025 9:58 PM"
MailChimp,"https://evolving-digital.com/wp-content/uploads/2020/03/blog-4-ways-to-improve-your-email-marketing-with-mailchimp.jpg, https://www.aandmedu.in/wp-content/uploads/2022/03/Blog-Post-Banners-4.png",App%20Library%20130b4629bb37815cba43d257528a2f7b/image_1.png,No,"Free Plan, Subscription",Sales/Marketing,"MailChimp offers marketing automation with segmentation, automated messaging, A/B testing, app integration and more. Create, send and track email campaigns with ease.",No,Yes,https://mailchimp.com,"December 17, 2023 8:39 PM",,"April 19, 2025 9:56 PM"
Zapier,https://framerusercontent.com/images/Q6D0ZOF0d4i9pXtT9fwyDR6hWo.png,App%20Library%20130b4629bb37815cba43d257528a2f7b/zapier.svg,No,"Free Plan, Subscription",Automation/Analytics,"Zapier is an automation tool that connects apps, saves time & money, and automates tasks like emails & workflows – no coding required.",No,Yes,https://zapier.com,"December 17, 2023 8:39 PM",,"April 19, 2025 9:56 PM"
Mem.Ai,https://framerusercontent.com/images/ULLjDc352L91ujuHm78OCGd11c.png,https://images.ctfassets.net/9haz2glq4wt0/4IYa5GbyeeyHJxw61IPWQ0/f55f8e2bf889fb8cd95e925c558fa1f7/Mem_-_App_Logo.png,No,"Free Plan, Subscription",AI,http://mem.ai/ is a knowledge management tool that helps job seekers organize and recall information for job applications. It uses AI to surface relevant information and enhance job search efficiency.,No,Yes,https://get.mem.ai/,"December 17, 2023 8:39 PM",,"April 19, 2025 9:57 PM"